Model,MSE
Linear Regression,4.396179020812288
Ridge Regression,4.396178117906924
XGBoost,3.2625864198104804
KNN,6.217274089077075
Decision Tree,3.30213049266497
Random Forest,3.567316002203245
